AiFlow	false	false	0
AiFlowScript	false	false	0
AiKnowledge	false	false	0
AlgoBook	false	false	6
AlgoSolutions	false	false	0
ApplyMaster	false	false	1
BaiduMapSpider	false	false	1
BasicCompu	false	false	0
BooksMark	false	false	5
CheatSheetCollection	false	false	0
ChooseCourse	false	false	3
Cloudreve	false	true	0
CppLibrary	false	false	0
CppTemplates	false	false	0
CrawlDoubanMovie	false	false	0
CrawlITBooks	false	false	1
DiplomaProject	false	false	0
DistributedFileServer	false	false	3
DistributedFileSystem	false	false	2
DocsifyTemplate	false	false	0
EasyLeetCode	false	true	0
GetLinksFromSoBooks	false	false	7
GinFrameworkDemo	false	false	0
Gin_vue	false	false	0
GitBook	false	false	0
GitCommandDemo	false	false	0
GithubApiVi	false	false	0
GithubWebhookGo	false	false	0
GoAppTemplate	false	false	0
GoDemo	false	false	1
GoInAction	false	false	0
GoWorkFlow	false	false	0
GraduationProject	false	false	14
ImageEntropy	false	false	5
ImageHosting	false	false	0
LearningRecord	false	false	0
LeetCode-Go	false	true	0
LeetCodeSolutions	false	false	0
LoveTimeLine	false	false	1
ML_AndrewNg	false	false	0
MaterialDocTemplate	false	false	0
MySqlCookbook	false	false	0
OldBoyGolang	false	false	2
OnlineDocuments	false	false	0
OpenPresetBFF	false	false	1
PersonalResume	false	false	0
PythonCodeHelper	false	false	0
PythonNote	false	false	0
ResourceManage	false	false	0
SimpleERP	false	false	112
UpicGallery	false	false	0
UpicImageHosting	false	false	0
VuePressPlumeTheme	false	false	0
Wiki	false	false	0
YiBlog	false	false	0
ZSH_Config	false	true	0
books	false	true	0
cvenwu	false	false	0
ego-kit	false	true	0
geektime-books	false	true	0
gin-cloud-storage	false	true	0
gin_blog	false	false	0
go-stress-testing	false	true	0
interview-baguwen	false	true	0
love.sivanWu0222.github.io	false	false	0
new-pac	false	true	0
ohmyzsh	false	true	0
os-guide-cn	false	true	1
photo2cartoon	false	true	0
practice-in-go	false	true	0
prometheus-book	false	true	0
resume.sivanWu0222.github.io	false	false	0
rhzl-Agentic-Design-Patterns-cn	false	true	0
sivan0222.cn	false	false	0
sivanWu0222	false	false	0
sivanWu0222.github.io	false	false	0
sivanWu0222.github.io.sourcecode	false	false	0
sivanWu0222.github.io2	false	false	1
stellar_blog	false	false	0
